id;nome;sobrenome;email;contato;status;data
1;mobile Fish;Home Loan Account Table Computer;Jadon_Streich@gmail.com;alarm;Tasty Metal Bacon;2019-06-05T00:53:30
2;Electronics;Soap methodology Albania;Alba_Greenfelder@yahoo.com;Steel zero administration;Multi-channelled Licensed;2019-06-05T08:34:32
3;syndicate;Mississippi Refined Rubber Chicken Table;Adonis_White56@gmail.com;envisioneer Music Public-key;infomediaries;2019-06-05T20:29:16
4;Buckinghamshire Games;incentivize Tuna copy;Josianne_Durgan@yahoo.com;Industrial;connect Markets Chief;2019-06-05T09:04:02
5;National Awesome sky blue;Tactics;Gilberto53@hotmail.com;Louisiana Specialist Home Loan Account;Plastic;2019-06-05T04:09:51
6;Small;deliverables reinvent 24 hour;Raven_Dooley72@gmail.com;quantify Unbranded Plastic Tuna Frozen;generating Highway Ergonomic;2019-06-05T14:31:02
7;Lempira;pixel withdrawal;Kelley.Kovacek@hotmail.com;bus synthesize Idaho;Networked Sleek Metal Table Small;2019-06-05T12:52:22
8;red;withdrawal knowledge base Buckinghamshire;Broderick.Friesen@hotmail.com;override User-centric;Money Market Account;2019-06-05T06:44:31
9;JSON;virtual deposit;Jacky18@hotmail.com;Human Ghana;Fresh granular Direct;2019-06-05T16:53:08
10;withdrawal;copying;Ellsworth51@hotmail.com;supply-chains magenta;encompassing;2019-06-05T17:33:28
